Sabor;Cor;Turbidez;Solos1;Solos2;Condutividade;pH;Alcalinidade;Dureza;Ferro;Rotulo
23.673.827.558.489.500;15.720.818.648.394.500;2.947.584.354.121.650;2.947.584.354.121.650;2.947.584.354.121.650;0.6134267824718538;0.5402385610234743;0.8833436501295119;-18.374.144.260.800.300;20.442.303.719.446.700;0
-1.074.047.435.442.900;-11.855.402.022.534.200;-13.531.131.505.775.200;-13.531.131.505.775.200;-13.531.131.505.775.200;0.06769096974255924;-0.576514031520899;0.2075437316279454;0.32438499252368314;-12.478.287.662.993.700;1
0.652283967883844;0.14744760069591367;0.8025668487292739;0.8025668487292739;0.8025668487292739;0.3783144328163373;-0.05162687691645128;0.611360114582668;-0.8142994158105703;0.36943635036958966;0
0.10771276879230537;-0.7486499822012873;0.1066104742592744;0.1066104742592744;0.1066104742592744;0.6287375873391342;-0.5509317843962365;10.965.269.637.267.500;-0.9678798971658432;-0.4633575200312037;0
-1.669.507.655.450.330;-0.8290566821709633;-206.929.814.635.461;-206.929.814.635.461;-206.929.814.635.461;-0.6374156058587668;-0.18479345407183329;-0.9830451688530666;15.972.145.652.764.400;-12.519.534.381.414.800;1
-15.106.330.241.127.600;-0.9621388034376629;-1.879.486.060.899.820;-1.879.486.060.899.820;-1.879.486.060.899.820;-0.4214718972928599;-0.315950758584544;-0.6164829680591158;12.166.748.058.011.600;-12.766.090.742.985.500;1
-13.728.929.690.537.900;-0.9381785589948834;-1.710.252.004.141.640;-1.710.252.004.141.640;-1.710.252.004.141.640;-0.33632826022648044;-0.33188767891661897;-0.47814286317697036;10.369.861.635.611.100;-1.203.464.354.079.510;1
-17.689.304.818.906.200;-0.6933415767638536;-2.186.323.362.598.350;-2.186.323.362.598.350;-2.186.323.362.598.350;-0.8109621931552201;-0.06592410563415134;-12.799.681.134.954.700;18.918.852.271.067.000;-12.009.561.146.963.100;1
-1.452.759.259.934.530;-0.8237620909174534;-1.804.077.333.763.700;-1.804.077.333.763.700;-1.804.077.333.763.700;-0.4796914503935904;-0.23261325026212457;-0.7236113596067596;1.279.513.306.663.930;-11.588.374.464.002.300;1
-10.389.575.934.718.100;-0.6678710736480148;-129.284.721.552.147;-129.284.721.552.147;-129.284.721.552.147;-0.2853693708714284;-0.22161294273831594;-0.41607657155483896;0.8301559729668732;-0.8821747506511394;1
-14.323.583.159.502.400;-0.9830575881030255;-17.844.719.498.464.100;-17.844.719.498.464.100;-17.844.719.498.464.100;-0.34778780973933654;-0.3492402070014385;-0.4933885664300286;10.773.276.112.971.700;-12.584.692.288.710.500;1
0.5604800960078609;-0.07224740311633593;0.6829412458686093;0.6829412458686093;0.6829412458686093;0.4708068034029973;-0.18395740618532988;0.7815416185061637;-0.9141847601038571;0.18248819927976445;0
0.9676918843791122;0.007678887962693892;11.835.660.491.625.600;11.835.660.491.625.600;11.835.660.491.625.600;0.715864167598671;-0.22469408940378552;11.788.191.052.696.500;-14.356.112.331.818.000;0.40489839952865303;0
-19.881.251.605.035.400;-10.518.111.009.219.400;-2.466.377.543.953.380;-2.466.377.543.953.380;-2.466.377.543.953.380;-0.7117892022872214;-0.26534263096447525;-10.875.403.370.029.000;1.832.458.662.053.240;-15.346.586.327.329.900;1
-15.794.735.722.736.300;-10.153.484.791.016.900;-19.654.494.754.449.300;-19.654.494.754.449.300;-19.654.494.754.449.300;-0.43381870706297354;-0.3369197477283168;-0.6325157960016387;12.620.232.220.882.700;-13.411.373.158.580.300;1
-129.269.119.785.353;-0.8014311856449513;-16.075.948.773.572.800;-16.075.948.773.572.800;-16.075.948.773.572.800;-0.3767069662840892;-0.25500226102353396;-0.5557451320619362;10.647.524.264.398.800;-1.077.575.767.076.140;1
-15.885.252.508.518.300;-0.8583324632433338;-19.712.532.338.216.300;-19.712.532.338.216.300;-19.712.532.338.216.300;-0.5555907378569068;-0.224590731224198;-0.8458613695630528;14.448.170.731.471.000;-12.383.641.891.001.400;1
0.22427892435466654;-0.6204618201849892;0.2534475397852476;0.2534475397852476;0.2534475397852476;0.6217414685893217;-0.4886984368598028;10.746.182.793.620.100;-10.036.009.985.453.100;-0.3282553531401381;0
-11.760.012.003.451.100;-16.035.332.533.248.200;-1.491.799.166.827.060;-1.491.799.166.827.060;-1.491.799.166.827.060;0.29788058211414664;-0.8455753981742623;0.6206522721985726;0.025847908725280422;-15.734.845.975.027.500;0
-10.813.123.260.987.000;-0.9764609491961423;-13.549.863.078.334.700;-13.549.863.078.334.700;-13.549.863.078.334.700;-0.09088820078062528;-0.4280775014846225;-0.07066105826775779;0.5606451098022547;-11.090.005.516.557.100;1
-13.890.447.154.337.000;-10.245.289.858.442.300;-17.328.979.535.651.600;-17.328.979.535.651.600;-17.328.979.535.651.600;-0.28511396471787975;-0.3886387626607919;-0.3867698127509877;0.9679868477373558;-12.687.113.615.771.800;1
-0.583731955998032;-0.5758894443990747;-0.7331061187875714;-0.7331061187875714;-0.7331061187875714;-0.013345187711151426;-0.2653064591051351;0.024654444336504468;0.2500857171950085;-0.631755473588263;1
-10.561.679.699.162.600;-0.9058981199845518;-13.218.734.171.766.900;-13.218.734.171.766.900;-13.218.734.171.766.900;-0.12383248054600149;-0.3845425647386567;-0.1306542111253238;0.5992050744355699;-10.507.488.055.936.700;1
-12.115.865.894.866.600;-10.091.395.055.362.500;-15.153.834.057.770.600;-15.153.834.057.770.600;-15.153.834.057.770.600;-0.16407884368468398;-0.4200332458100181;-0.18860158835020424;0.7197943594890541;-11.849.757.125.190.800;1
-1.449.317.112.119.030;-10.426.058.598.536.700;-18.072.060.913.564.600;-18.072.060.913.564.600;-18.072.060.913.564.600;-0.3168093593696809;-0.3869925505013699;-0.437526344221654;10.384.294.148.916.100;-13.058.683.398.750.900;1
-0.152932150618245;-12.285.509.309.711.200;-0.22820131790008816;-0.22820131790008816;-0.22820131790008816;0.7859617402480086;-0.8257023709912799;1.394.433.284.651.420;-10.963.807.796.100.800;-0.8965533642982078;0
-0.4149180488853265;-15.956.682.826.564.700;-0.5608712263666403;-0.5608712263666403;-0.5608712263666403;0.8595655893148318;-1.021.014.794.163.510;15.454.343.356.345.800;-11.012.824.019.633.400;-125.379.635.281.012;0
-0.5150827973138309;-0.9445830592789682;-0.6615232278887446;-0.6615232278887446;-0.6615232278887446;0.30792745877976946;-0.5403380500272718;0.5838364634454557;-0.2498549814287363;-0.853504275589673;0
-2.249.214.891.029.580;-0.9426574139888647;-2.781.982.155.121.390;-2.781.982.155.121.390;-2.781.982.155.121.390;-0.9864132391799871;-0.1266726411657859;-15.488.448.917.935.700;23.397.146.755.663.100;-156.845.313.194.217;1
0.6125864717502087;-0.4806474167018185;0.7329640040571774;0.7329640040571774;0.7329640040571774;0.8088327521967646;-0.4829173736749378;1.371.541.833.013.980;-14.322.517.391.637.900;-0.07302815652004216;0
-0.15821338525449777;-0.5835580523067225;-0.21303257137761222;-0.21303257137761222;-0.21303257137761222;0.3095296270294832;-0.37186045993223166;0.5572365068262334;-0.39309727931152993;-0.4612039321455884;0
-14.435.624.894.503.100;-10.113.582.474.692.800;-17.991.215.121.229.200;-17.991.215.121.229.200;-17.991.215.121.229.200;-0.33540952274178043;-0.36643459881837764;-0.47070230199237895;1.063.532.781.207.210;-12.822.946.762.099.400;1
-0.9842497393030293;-0.9127216917587296;-12.341.594.900.932.200;-12.341.594.900.932.200;-12.341.594.900.932.200;-0.06521319797543976;-0.4064301760551141;-0.03352180959515386;0.4845392098367883;-10.256.729.158.623.000;1
-0.5943258009897009;-12.233.794.631.205.000;-0.7677708872809365;-0.7677708872809365;-0.7677708872809365;0.45308012101837886;-0.7171260703216117;0.8455664906413399;-0.4322029306988347;-10.753.557.840.806.800;0
-10.506.265.124.737.300;-0.9322786121464212;-1.315.981.779.894.440;-1.315.981.779.894.440;-1.315.981.779.894.440;-0.10037565955148757;-0.4043710992971049;-0.08987072934146235;0.562494377688642;-10.663.551.968.932.600;1
-0.13554635397125683;-12.142.631.170.950.100;-0.2064626245230535;-0.2064626245230535;-0.2064626245230535;0.7884575518276542;-0.8198104456599092;13.973.881.459.188.300;-11.069.175.747.102.200;-0.8796803081300865;0
-12.272.921.269.677.300;-0.8312430016733763;-15.286.234.791.961.800;-15.286.234.791.961.800;-15.286.234.791.961.800;-0.3061080063244623;-0.2914705136146046;-0.4370134619170408;0.93502885205301;-10.707.865.802.968.900;1
-0.7954393465788947;-0.745359707218225;-0.9976675511294963;-0.9976675511294963;-0.9976675511294963;-0.04704271943026809;-0.33388595737969834;-0.017139311646639014;0.38325820867865756;-0.8341578864307813;1
-0.7104821383795529;-0.7725709548258788;-0.8946929632324286;-0.8946929632324286;-0.8946929632324286;0.036233283091995756;-0.37317963353903794;0.12226813495032385;0.22715581408888708;-0.8175264335034682;1
-0.9201765299033593;-0.7244708934082615;-11.494.976.989.923.100;-11.494.976.989.923.100;-11.494.976.989.923.100;-0.15534623251054996;-0.28957043488845485;-0.19726943997133228;0.5918996154669853;-0.8715086338875407;1
-0.8482635877050707;-18.851.267.934.585.900;-1.100.478.434.380.520;-1.100.478.434.380.520;-1.100.478.434.380.520;0.7485179410783898;-11.210.914.891.676.900;13.859.182.673.760.900;-0.766770398866937;-16.291.368.041.966.000;0
0.24965717936746323;-0.5397991583530763;0.2871850946612646;0.2871850946612646;0.2871850946612646;0.5815728677216379;-0.4381321429573896;10.019.045.123.362.200;-0.9545008316055286;-0.2630557799914145;0
-122.521.339.317.628;-0.888666940645669;-15.280.070.059.413.500;-15.280.070.059.413.500;-15.280.070.059.413.500;-0.2624917964565008;-0.3322586696433758;-0.3605016144764342;0.8700151755366152;-110.888.150.790.176;1
-0.5510517044315185;-14.117.573.744.121.500;-0.7211709976266623;-0.7211709976266623;-0.7211709976266623;0.6233420203035654;-0.8595983314548069;11.413.428.554.032.800;-0.6998729904841592;-11.852.682.305.458.300;0
-0.06401037134661736;-0.3603351466078598;-0.09035496944927021;-0.09035496944927021;-0.09035496944927021;0.21624161108235224;-0.23762486041471306;0.3854583891743943;-0.2929880569334663;-0.2708717030001461;0
-15.164.419.393.151.900;-10.467.212.285.155.600;-18.894.253.552.921.000;-18.894.253.552.921.000;-18.894.253.552.921.000;-0.363841381925633;-0.37392040296587337;-0.514681895803522;11.341.491.642.563.400;-13.363.848.196.701.800;1
-13.026.230.334.594.700;-0.9330748895470634;-16.241.537.152.101.400;-16.241.537.152.101.400;-16.241.537.152.101.400;-0.28767530270344366;-0.34501413746265747;-0.39839674026348837;0.9376391501021106;-11.709.784.247.090.700;1
0.4970508250484084;-0.6967853491295136;0.5844380897989998;0.5844380897989998;0.5844380897989998;0.8810254826981644;-0.6071093731374663;15.079.900.361.970.700;-14.928.918.901.924.700;-0.2673653935511043;0
-10.244.799.071.209.900;-0.8973365091604117;-12.828.376.925.354.100;-12.828.376.925.354.100;-12.828.376.925.354.100;-0.10647844511760032;-0.38606923336054383;-0.10275551957502452;0.5611541650367011;-10.318.527.989.405.900;1
-1.530.528.680.526.800;-19.490.728.813.565.700;-19.369.068.454.753.700;-19.369.068.454.753.700;-19.369.068.454.753.700;0.2866805712041854;-10.037.438.517.311.100;0.6301848772442151;0.18229148164638753;-19.543.131.410.020.600;0
-0.4802824167889924;-1.611.624.182.594.110;-0.6413347885457024;-0.6413347885457024;-0.6413347885457024;0.8225199989321593;-10.166.696.243.662.800;14.856.911.680.032.400;-10.209.553.768.200.200;-12.916.177.249.407.500;0
-1.448.889.552.506.660;-0.5994002485303704;-17.918.225.047.558;-17.918.225.047.558;-17.918.225.047.558;-0.6411642934694972;-0.0761004590675197;-10.078.214.434.823.900;15.156.365.480.477.700;-1.005.043.326.017.710;1
-0.2030981622463964;-13.156.310.672.224.800;-0.29246490323762553;-0.29246490323762553;-0.29246490323762553;0.8123503156592948;-0.8748781177698968;1.444.963.160.175.760;-11.154.142.491.538.300;-0.97634441021821;0
-0.8428767482418876;-0.7686955502651447;-10.564.571.930.034.200;-10.564.571.930.034.200;-10.564.571.930.034.200;-0.06531613063023539;-0.3389816206242966;-0.04535617043687791;0.4288797240384933;-0.8695809986906842;1
-0.22099770126200707;-0.954970904984748;-0.3022597388143635;-0.3022597388143635;-0.3022597388143635;0.5348004171367066;-0.6175499678558;0.9584683503884541;-0.6998582327679982;-0.7390837920708068;0
-0.6958980591099252;-0.7311814048039672;-0.8754715272574889;-0.8754715272574889;-0.8754715272574889;0.016786609628281515;-0.3476044942316866;0.0868760848304904;0.25001937148830966;-0.7834261251873316;1
-14.042.369.563.601.800;-0.7309329665683832;-17.416.309.354.525.100;-17.416.309.354.525.100;-17.416.309.354.525.100;-0.5115170036010064;-0.17901267097513351;-0.7835646866175899;13.071.976.582.292.500;-1.075.825.482.755.090;1
-0.6715512767482694;-147.321.262.245.868;-0.8705803398386895;-0.8705803398386895;-0.8705803398386895;0.5785197571680334;-0.8740705145456086;10.724.720.459.875.100;-0.5863343118294793;-12.767.267.756.323.200;0
-0.357524830572648;-16.114.756.934.704.300;-0.4912199382134172;-0.4912199382134172;-0.4912199382134172;0.9139365290819333;-10.457.527.666.390.400;16.362.948.741.389.700;-12.039.615.236.194.700;-12.408.139.686.773.500;0
-15.891.175.499.118.100;-0.883433366380743;-197.281.914.383.977;-197.281.914.383.977;-197.281.914.383.977;-0.5376444812178709;-0.24206300209958745;-0.8142605992015334;14.186.381.343.003.100;-12.556.360.200.761.800;1
-0.6468833440936793;-0.7941719508033469;-0.8176476608855369;-0.8176476608855369;-0.8176476608855369;0.09947509713551093;-0.4034583799255656;0.2282133442407092;0.10897097778394349;-0.8059110139967911;1
-0.4921183771492074;-0.7443485319179363;-0.6267280823841044;-0.6267280823841044;-0.6267280823841044;0.1783658578964204;-0.4052952337560418;0.35415668126668365;-0.06823593204074241;-0.7081901522136314;1
0.9402066328331881;0.2274881822001812;1.157.326.902.582.860;1.157.326.902.582.860;1.157.326.902.582.860;0.5343487738426841;-0.0639207032238225;0.8619560985225545;-11.576.117.079.214.000;0.5426536430634977;0
-1.201.671.952.751.790;-1.035.342.659.423.830;-15.041.382.311.634.800;-15.041.382.311.634.800;-15.041.382.311.634.800;-0.1374913886815117;-0.4407771281950532;-0.14267451009529983;0.6767496529436499;-11.986.555.357.114.200;1
-1.019.470.483.350.550;-19.661.049.285.358.700;-13.125.480.800.892.800;-13.125.480.800.892.800;-13.125.480.800.892.800;0.6801910758368745;-11.372.063.457.910.400;1.279.902.997.845.030;-0.5986202001127238;-17.547.825.318.435.100;0
-12.828.577.879.740.100;-10.248.736.726.804.900;-16.030.624.968.405.800;-16.030.624.968.405.800;-16.030.624.968.405.800;-0.2056908667415108;-0.41412805620453685;-0.25588626170706386;0.8091740122521414;-12.250.863.927.721.000;1
-0.9909127282163679;-0.8267139561990186;-1.239.423.241.681.040;-1.239.423.241.681.040;-1.239.423.241.681.040;-0.13318660799519205;-0.3444950330485633;-0.1524790294818933;0.5872108516706143;-0.9700816290596567;1
-0.12370651345188119;-0.9799953594819445;-0.18412964669856252;-0.18412964669856252;-0.18412964669856252;0.6256704063476529;-0.6582417656323081;11.102.103.616.541.100;-0.8720064172469245;-0.7158745784705615;0
-0.6578911585159354;-0.45114772975030054;-0.8196065253706065;-0.8196065253706065;-0.8196065253706065;-0.16001714018303043;-0.16014382965693635;-0.22710173978663073;0.4952295638025153;-0.5777672172144155;1
0.14679115608455198;-0.7308634323166718;0.15499251556955784;0.15499251556955784;0.15499251556955784;0.6448438824399421;-0.5477425419704327;1.121.622.773.710.160;-1.007.011.958.755.520;-0.43515132464532397;0
-0.5067686262179124;-1.090.915.497.648.040;-0.6562630828622562;-0.6562630828622562;-0.6562630828622562;0.4213232828425287;-0.6449951349188958;0.7825163251967311;-0.420029829181738;-0.9493348156848597;0
0.3113567977020849;-0.6311520766848852;0.3595692614259367;0.3595692614259367;0.3595692614259367;0.6944960111964801;-0.5169036866351661;119.535.276.933.806;-11.450.554.144.625.300;-0.2995409836410333;0
-0.7922974627848897;-14.259.140.951.661.600;-10.166.447.123.885.600;-10.166.447.123.885.600;-10.166.447.123.885.600;0.4538452015464293;-0.8121724277899014;0.8632304317213358;-0.3551740514196474;-12.945.140.837.935.800;0
-12.948.640.287.658.200;-10.367.844.560.801.900;-16.181.432.840.330.200;-16.181.432.840.330.200;-16.181.432.840.330.200;-0.20591711409376956;-0.41963110347575494;-0.25529435940282497;0.8142467988361041;-12.381.250.526.629.700;1
-0.8847427454391344;-19.217.090.494.642.700;-11.463.123.209.096.000;-11.463.123.209.096.000;-11.463.123.209.096.000;0.7481185138299734;-1.138.087.527.972.230;13.882.230.012.474.400;-0.7517813564694618;-1.669.019.492.616.090;0
0.6779740745541802;-0.33320259099199756;0.8178648244473408;0.8178648244473408;0.8178648244473408;0.7495724321464016;-0.3950033649492187;1.261.964.265.815.600;-13.708.477.684.295.200;0.05399829282652075;0
-2.482.174.414.422.770;-1.364.542.651.021.930;-3.080.994.540.886.440;-3.080.994.540.886.440;-3.080.994.540.886.440;-0.8510473352844039;-0.3673166684648219;-12.916.504.400.524.800;22.324.545.209.160.100;-19.508.590.289.321.200;1
-0.23907430515600625;-15.051.971.560.433.200;-0.34281326960756514;-0.34281326960756514;-0.34281326960756514;0.9243954199589992;-0.9993412586729571;16.449.191.293.356.800;-1.266.116.296.102.500;-11.197.958.818.448.600;0
-0.33443900675560145;-1.081.104.238.283.890;-0.4452067906780633;-0.4452067906780633;-0.4452067906780633;0.5426210733771268;-0.6790844357816005;0.9815691014744847;-0.6665842838667086;-0.8715013978011895;0
-16.493.290.290.622.700;-0.9469452336673667;-204.857.623.384.048;-204.857.623.384.048;-204.857.623.384.048;-0.5360106998993044;-0.2723126368237974;-0.8064249517182153;1.440.003.764.744.240;-13.235.886.538.758.500;1
-1.000.228.103.110.350;-1.809.855.585.707.940;-12.837.791.332.381.100;-12.837.791.332.381.100;-12.837.791.332.381.100;0.580076093908958;-10.321.426.063.420.800;1.102.301.163.726.950;-0.4588704264973852;-16.408.430.757.480.800;0
-0.8503770901773916;-0.6764903206748554;-10.625.370.697.561.900;-10.625.370.697.561.900;-10.625.370.697.561.900;-0.13845387469829376;-0.2724986543726803;-0.17332396515056533;0.5394826475410041;-0.8101314984146271;1
-13.295.006.639.787.300;-10.136.004.379.603.700;-16.597.201.321.652.900;-16.597.201.321.652.900;-16.597.201.321.652.900;-0.24872504613320756;-0.395127722469627;-0.32770139365091916;0.890924026792458;-12.367.042.797.230.200;1
0.24895739072397888;-0.5977518641445511;0.2843862181477982;0.2843862181477982;0.2843862181477982;0.6235048257300925;-0.4786306977009316;10.756.842.510.607.800;-1.015.938.776.269.850;-0.3026570200358142;0
-0.282553384034629;-0.8025736865985584;-0.37242107310897193;-0.37242107310897193;-0.37242107310897193;0.377266112654878;-0.495978361188383;0.6865757723577206;-0.44370309543396075;-0.6611297522640109;0
-16.885.024.465.766.100;-0.8904277507408929;-20.945.830.526.186.200;-20.945.830.526.186.200;-20.945.830.526.186.200;-0.6066198437636752;-0.22334075285574445;-0.92733631005709;1.559.389.010.511.400;-1.301.429.977.593.190;1
-0.8822426116674082;-0.7754412520978848;-1.104.820.563.039.910;-1.104.820.563.039.910;-1.104.820.563.039.910;-0.08972482049283724;-0.334355238866048;-0.0850250169363163;0.48034449209862495;-0.8904163748707435;1
-10.340.884.627.534.400;-0.9511595635934937;-12.963.918.789.321.600;-12.963.918.789.321.600;-12.963.918.789.321.600;-0.07421387243362093;-0.42155186139053286;-0.04523800148255389;0.5174613772024863;-1.072.332.312.623.700;1
0.09817651971713336;-0.6640588606376048;0.09778575648021663;0.09778575648021663;0.09778575648021663;0.5596596904777883;-0.489307509979426;0.9758647497020227;-0.8624484039609842;-0.40991394646242446;0
-0.003641532094441132;-10.063.220.808.980.100;-0.03819507350103824;-0.03819507350103824;-0.03819507350103824;0.7344740117330084;-0.705262141908063;12.916.048.500.331.500;-10.795.393.613.671.000;-0.6841424114946553;0
0.7074023916428106;-0.38056691434803747;0.8522620909963495;0.8522620909963495;0.8522620909963495;0.806210629247813;-0.4352355176188835;13.591.160.993.511.600;-14.658.238.376.792.200;0.03402360451086701;0
-0.15070614553821082;-0.8706522674272842;-0.2134789209978343;-0.2134789209978343;-0.2134789209978343;0.5254399539894243;-0.5750970721614478;0.936217249094776;-0.7138313579713931;-0.6528534787468596;0
-14.494.095.665.805.100;-11.464.811.121.766.700;-18.108.021.011.122.200;-18.108.021.011.122.200;-18.108.021.011.122.200;-0.24078366845295318;-0.4598589824691727;-0.3038552731956399;0.9265735680077634;-13.763.702.785.231.900;1
-0.2794958173042411;-13.076.264.054.870.300;-0.38561673753320413;-0.38561673753320413;-0.38561673753320413;0.7495260579190666;-0.8510966993796361;1.340.807.082.867.710;-0.9927912481842622;-10.024.692.614.336.000;0
-0.8454798778946331;-14.190.674.755.096.100;-10.814.474.222.452.100;-10.814.474.222.452.100;-10.814.474.222.452.100;0.4091780395037095;-0.7947233465753567;0.789083350286667;-0.2684389940206807;-1.311.835.814.477.210;0
-12.379.398.530.487.500;-0.9003335729282342;-15.439.603.017.150.300;-15.439.603.017.150.300;-15.439.603.017.150.300;-0.26343387782249905;-0.3374191558979177;-0.36110887747351733;0.8764258320990792;-11.220.520.227.449.700;1
-0.8871656941800216;-0.9389048768127781;-11.163.215.476.871.000;-11.163.215.476.871.000;-11.163.215.476.871.000;0.026351187356477818;-0.447885794503084;0.11945811878926739;0.3114508092671081;-10.033.352.837.750.600;1
-0.6489904405401282;-15.845.658.318.962.100;-0.8467262932424782;-0.8467262932424782;-0.8467262932424782;0.6769132698320052;-0.9575703050261082;1.243.601.460.484.270;-0.7400534780394672;-1.342.944.810.586.110;0
-0.9796854324611552;-0.8834299477717446;-12.275.960.280.305.300;-12.275.960.280.305.300;-12.275.960.280.305.300;-0.08326804758396071;-0.38696162695395636;-0.0656409141296803;0.5093099103824537;-10.039.176.556.770.300;1
0.2847043339635867;-0.39974645071762194;0.33473728762345645;0.33473728762345645;0.33473728762345645;0.5051065425008038;-0.34819125636719217;0.8645774267880248;-0.8557958268937904;-0.15357540184477791;0
-0.7554506276815834;-0.8091595373381524;-0.9509079475837163;-0.9509079475837163;-0.9509079475837163;0.02950903488465497;-0.3881616540912757;0.11415275444484378;0.25480494273811893;-0.8609197941344162;1
-0.5649809238906552;-1.232.917.909.673.470;-0.7322073443072954;-0.7322073443072954;-0.7322073443072954;0.48194646728503976;-0.7307962758259622;0.8938985311791203;-0.4862722773580756;-1.069.705.761.715.390;0
-11.957.819.038.013.300;-0.918626846370832;-14.930.222.871.656.500;-14.930.222.871.656.500;-14.930.222.871.656.500;-0.21860097548579177;-0.36027903917629195;-0.2857616542374483;0.7937990621820527;-1.117.048.603.542.090;1
-0.48462072993892663;-19.863.699.420.259.800;-0.6592050343765448;-0.6592050343765448;-0.6592050343765448;10.938.083.665.458.200;-12.785.941.616.475.700;19.630.104.279.594.000;-14.185.168.387.531.300;-15.476.182.884.057.700;0
0.2577731487664074;-0.3743973440598706;0.3026553785112324;0.3026553785112324;0.3026553785112324;0.4664575689974576;-0.3240007291452537;0.7988472432054096;-0.7882815740595309;-0.14750333055422432;0
-14.020.904.549.277.400;-10.161.073.761.037.900;-17.485.681.071.910.400;-17.485.681.071.910.400;-17.485.681.071.910.400;-0.30100989153929897;-0.37962758071194413;-0.4136416408798317;0.9965321729747876;-12.683.868.956.569.300;1
-0.1347937471617034;-11.012.115.361.206.000;-0.2017516864127645;-0.2017516864127645;-0.2017516864127645;0.706201864890402;-0.7406620194569133;12.527.094.826.139.300;-0.9861532191474622;-0.8026809439875537;0
-11.116.270.865.350.100;-0.6533605381819783;-1.381.222.052.716.180;-1.381.222.052.716.180;-1.381.222.052.716.180;-0.3501799228568912;-0.1941528287467495;-0.5240321356738523;0.9542305454147603;-0.902346487217514;1
0.5952627660449804;-0.8007118608805014;0.7010484936227757;0.7010484936227757;0.7010484936227757;1.030.382.279.740.590;-0.7033850206259504;17.624.838.704.060.200;-17.514.827.085.097.100;-0.2972990688983819;0
-138.086.321.627.513;-11.441.152.548.878.400;-17.269.032.381.903.700;-17.269.032.381.903.700;-17.269.032.381.903.700;-0.19141017195825613;-0.4744967348487919;-0.22270026996347064;0.8268465207139901;-13.464.534.422.874.100;1
-0.38284256154174007;-11.587.562.065.283.300;-0.506999088492562;-0.506999088492562;-0.506999088492562;0.563417019435491;-0.7220635630466175;1.022.121.098.468.130;-0.6780824678114834;-0.9441688940805035;0
-0.6959765224363008;-14.349.618.471.503.500;-0.8991653522732779;-0.8991653522732779;-0.8991653522732779;0.5322879384620504;-0.8414228142596624;0.9932036297995315;-0.5086491437988868;-12.608.678.229.454.500;0
-0.3445482069334992;-2.158.278.325.895.570;-0.4936863084827025;-0.4936863084827025;-0.4936863084827025;13.241.761.244.652.200;-14.325.250.721.654.100;2.356.481.918.789.420;-18.128.628.211.228.800;-16.063.776.159.376.400;0
-0.6117537981931813;-0.5338158004700495;-0.7659609235126376;-0.7659609235126376;-0.7659609235126376;-0.06505902032413338;-0.22912114199363584;-0.06395562610225462;0.3372590078974643;-0.6147887947305677;1
-1.749.335.711.342.090;-0.9740368420672582;-21.717.743.350.344.600;-21.717.743.350.344.600;-21.717.743.350.344.600;-0.5907272743079134;-0.267544606947273;-0.8943805301286922;1.560.014.448.991.950;-13.832.723.768.281.900;1
-1.761.110.574.658.850;-0.8525625966845616;-21.820.997.674.033.500;-21.820.997.674.033.500;-21.820.997.674.033.500;-0.6884932506382674;-0.17950748454641977;-106.529.573.979.271;1.708.551.958.656.300;-13.057.337.685.806.100;1
-0.6454665838133422;-11.817.407.408.547.200;-0.8289104724976026;-0.8289104724976026;-0.8289104724976026;0.3844479292858054;-0.6757490821658034;0.7291173528557755;-0.3110028488745714;-10.682.330.374.458.800;0
0.10142037405992847;-0.3330523719658123;0.11285109594141564;0.11285109594141564;0.11285109594141564;0.3195968614089785;-0.2578142380600393;0.5535344273087432;-0.5104116904498257;-0.1840359549942524;0
-0.7592149748165099;-0.751702103972731;-0.9535844917834576;-0.9535844917834576;-0.9535844917834576;-0.01538846711913269;-0.34694921713426846;0.035527167380587144;0.322369830280397;-0.8234983608512282;1
-10.023.328.648.196.100;-0.7938641978160053;-12.522.865.029.866.200;-12.522.865.029.866.200;-12.522.865.029.866.200;-0.1657655517307193;-0.31872932900836654;-0.2088158569838729;0.6396679913232926;-0.952514905631874;1
-0.14188550493198687;-10.714.109.610.623.700;-0.20942437890253512;-0.20942437890253512;-0.20942437890253512;0.6790837664022957;-0.718065035102679;12.056.167.710.971.700;-0.9434419384948931;-0.7853948666873524;0
-0.03357033954041945;-12.533.053.134.294.200;-0.08307387138077238;-0.08307387138077238;-0.08307387138077238;0.8930892485051101;-0.8714522613054092;15.729.389.299.272.000;-13.011.692.976.166.200;-0.8640450346494504;0
0.16821536682337682;-0.6373591068754962;0.18432558724942247;0.18432558724942247;0.18432558724942247;0.5923199742974488;-0.48722522840581217;1.027.512.637.277.950;-0.9381666482321576;-0.3628737659651515;0
-1.958.604.077.869.610;-10.885.847.012.331.200;-24.315.117.335.047.500;-24.315.117.335.047.500;-24.315.117.335.047.500;-0.6628401576979042;-0.29816541626914256;-10.039.147.205.077.600;1.748.762.636.472.600;-15.474.107.913.762.500;1
-1.556.559.662.671.370;-0.9538514094945298;-19.353.679.857.716.600;-19.353.679.857.716.600;-19.353.679.857.716.600;-0.4617847652332234;-0.2992158603698452;-0.6835727058427715;12.941.369.203.076.200;-12.899.565.753.522.400;1
-0.1944758569945402;-13.188.755.657.134.600;-0.28203020386131933;-0.28203020386131933;-0.28203020386131933;0.8211556959201126;-0.8792048296704312;14.597.334.723.597.200;-11.317.776.437.667.100;-0.9749840117212657;0
-0.3071892581273711;-1.136.241.416.646.740;-0.41373413643409257;-0.41373413643409257;-0.41373413643409257;0.6033290439328904;-0.7242527520151031;10.860.557.269.737.200;-0.766690072985966;-0.8976486227422682;0
-0.700609663910234;-0.821916603585235;-0.8842753171073463;-0.8842753171073463;-0.8842753171073463;0.0797425172212773;-0.4101523904794395;0.19794946566263072;0.1592227821356409;-0.8469223768325777;1
-12.522.531.993.089.600;-24.366.980.805.302.400;-16.129.774.477.301.100;-16.129.774.477.301.100;-16.129.774.477.301.100;0.8513701648173447;-14.120.703.567.770.400;16.000.472.998.027.500;-0.7586589328598929;-21.701.564.035.113.300;0
-2.070.801.677.072.330;-11.458.509.335.609.800;-25.706.288.364.182.100;-25.706.288.364.182.100;-25.706.288.364.182.100;-0.7045413516111224;-0.3116721117312597;-10.679.826.005.506.800;18.544.303.802.300.100;-16.325.987.234.229.700;1
-0.7907389174394086;-0.7316151214456599;-0.9914589354994056;-0.9914589354994056;-0.9914589354994056;-0.05360688779688271;-0.3253590869236273;-0.029067464582792447;0.3910635289407174;-0.8228928140858146;1
0.4366630500159597;-10.419.090.432.475.300;0.49902292965466183;0.49902292965466183;0.49902292965466183;10.888.247.527.914.700;-0.8349218048733086;18.783.070.367.500.400;-17.748.848.834.447.200;-0.5264221568857489;0
0.24017047568658004;-0.13753428208791374;0.2890726171947337;0.2890726171947337;0.2890726171947337;0.27981753440489493;-0.15361057521388036;0.472159802527879;-0.5066411819822045;0.005902170770642088;0
-13.462.974.205.929.200;-0.82987496660808;-16.740.991.189.069.100;-16.740.991.189.069.100;-16.740.991.189.069.100;-0.39583785272795824;-0.262215398862227;-0.5849610517325833;1.114.071.264.564.380;-1.119.011.779.192.890;1
-0.3086941744564212;-0.787943003529599;-0.4038958658682259;-0.4038958658682259;-0.4038958658682259;0.34705830424483075;-0.4794967914965923;0.6356211466685184;-0.3889243284386765;-0.6620020612410947;0
-1.596.863.625.399.330;-25.163.082.021.294.500;-20.370.417.376.164.500;-20.370.417.376.164.500;-20.370.417.376.164.500;0.6527553619134341;-13.859.961.709.084.400;12.792.618.816.855.600;-0.3302988921600416;-23.664.956.535.647.800;0
-0.8298678457268148;-0.7236745629847129;-1.039.040.144.766.720;-1.039.040.144.766.720;-1.039.040.144.766.720;-0.08859745817382479;-0.31048381117624624;-0.08736021921745891;0.4580088565073459;-0.8336679069987709;1
11.399.377.740.336.100;0.12571617472066043;13.981.487.924.920.000;13.981.487.924.920.000;13.981.487.924.920.000;0.7578177141004051;-0.18282216476539115;12.383.808.680.716.700;-15.653.561.397.046.200;0.5561123332052345;0
-10.231.232.898.184.800;-19.227.490.666.360.200;-1.315.561.058.747.570;-1.315.561.058.747.570;-1.315.561.058.747.570;0.6457069517609306;-11.059.153.864.628.700;12.195.763.436.733.600;-0.5464254456535962;-17.268.808.260.291.200;0
-11.975.432.352.212.500;-0.9951103261763731;-14.977.405.746.020.400;-14.977.405.746.020.400;-14.977.405.746.020.400;-0.16388561756389788;-0.4135280897000742;-0.18941946593596987;0.7139659645203755;-11.696.586.425.911.800;1
-1.740.622.413.039.030;-0.974459788498473;-21.611.337.608.263.200;-21.611.337.608.263.200;-21.611.337.608.263.200;-0.5839210015424773;-0.26991309373523176;-0.8831324199441405;1.546.557.359.130.380;-1.379.960.395.983.300;1
0.28600876350394155;-0.3711316917842348;0.3372918219733914;0.3372918219733914;0.3372918219733914;0.48511713204348994;-0.32842266063970066;0.82932581460544;-0.826890968764602;-0.13362581371739285;0
-0.006651697097475612;-0.4562473266628214;-0.023431848951584226;-0.023431848951584226;-0.023431848951584226;0.32926816645387946;-0.31856348045490196;0.5794462827826777;-0.48198112812035715;-0.3122426372204408;0
0.8976004670789116;0.3402476899901964;11.090.082.709.973.900;11.090.082.709.973.900;11.090.082.709.973.900;0.41997971762234143;0.025331933221112653;0.6643918558888638;-0.9724667531734019;0.6015462421133176;0
-0.9862317917516705;-0.8149621334863181;-12.333.052.796.815.200;-12.333.052.796.815.200;-12.333.052.796.815.200;-0.13830549560619532;-0.3373618334638461;-0.1618645765372121;0.5928967460777959;-0.9601763981785835;1
-0.4713934884601964;-10.330.343.718.866.800;-0.6110650542500928;-0.6110650542500928;-0.6110650542500928;0.4052969250534312;-0.6127913573271777;0.7514238435068983;-0.41040804769217637;-0.8954600417452426;0
-17.474.174.140.135.100;-0.9714132279555496;-21.693.406.412.170.000;-21.693.406.412.170.000;-21.693.406.412.170.000;-0.5912189836770575;-0.26615974046394236;-0.8954031471832501;1.559.980.830.164.020;-13.807.003.272.628.700;1
-15.690.294.416.572.700;-0.8818127595955357;-19.482.007.557.374.500;-19.482.007.557.374.500;-19.482.007.557.374.500;-0.5238544256832974;-0.2457020647420733;-0.7916716809308697;13.904.119.937.900.500;-1.246.239.614.766.220;1
-1.818.686.200.181.120;-10.136.087.594.638.000;-2.257.904.036.540.900;-2.257.904.036.540.900;-2.257.904.036.540.900;-0.6134447301709353;-0.2788228472029055;-0.9286043224598401;1.620.827.386.571.960;-14.387.600.711.464.000;1
-1.038.712.220.459.230;-0.7456704613959483;-12.951.557.964.186.000;-12.951.557.964.186.000;-12.951.557.964.186.000;-0.22819388048279593;-0.2762624771856805;-0.3155745504190544;0.7459099224450252;-0.9348485988306938;1
-0.4035082959531829;-10.977.709.368.666.500;-0.5302246210095614;-0.5302246210095614;-0.5302246210095614;0.5033338777212161;-0.6743571306344768;0.9181902855830629;-0.5814955086285832;-0.9113351976294527;0
0.5711511800288701;-0.2999365470689983;0.688355556122676;0.688355556122676;0.688355556122676;0.645558375533564;-0.34626221452757283;10.878.989.054.630.400;-11.755.916.270.221.200;0.03244284261902877;0
-0.8604428755859518;-0.796521526641487;-1.078.870.334.449.520;-1.078.870.334.449.520;-1.078.870.334.449.520;-0.05802890664793297;-0.3543302876194334;-0.031096266979833125;0.4250893296219542;-0.8957121467247302;1
-0.301322498856107;-14.798.330.195.744.200;-0.41808085796297495;-0.41808085796297495;-0.41808085796297495;0.8594038656687898;-0.9667430716160825;15.357.863.098.169.100;-11.458.894.319.617.700;-11.283.007.322.733.800;0
-18.257.704.500.253.100;-1.172.834.596.738.660;-2.271.905.636.224.500;-2.271.905.636.224.500;-2.271.905.636.224.500;-0.5020844643869286;-0.38886593427096655;-0.7322339540058602;14.597.273.741.674.900;-15.496.969.130.761.900;1
-19.230.807.607.591.500;-1.031.520.130.976.580;-23.861.598.881.385.900;-23.861.598.881.385.900;-23.861.598.881.385.900;-0.6781578622029375;-0.2665698407084627;-10.337.735.082.923.800;175.728.294.519.817;-14.940.287.245.854.500;1
0.6924566330906343;0.09574474490003781;0.8499569982842334;0.8499569982842334;0.8499569982842334;0.44614160088117233;-0.09745796157351741;0.7272980150000984;-0.92998471374887;0.35095639825749597;0
-0.9521161959028206;-10.571.169.568.751.400;-11.997.076.951.559.600;-11.997.076.951.559.600;-11.997.076.951.559.600;0.0645227253076864;-0.5153913517905546;0.1919227237078676;0.2809121214698487;-11.103.511.698.027.700;1
-11.493.971.964.848.000;-0.976860759180711;-14.382.549.440.829.700;-14.382.549.440.829.700;-14.382.549.440.829.700;-0.14135787140589304;-0.41216991312000684;-0.15378132376151663;0.6618032912840031;-11.373.931.133.956.900;1
-0.37848476599084047;-1.005.858.338.763.460;-0.4965436171099817;-0.4965436171099817;-0.4965436171099817;0.4546595736060725;-0.6158125076837221;0.8305515815539332;-0.5197368634404845;-0.8386507464065982;0
0.28075717381513576;-0.9782545721413286;0.3105131628018326;0.3105131628018326;0.3105131628018326;0.9259542459399497;-0.753187177320333;16.048.099.899.220.600;-14.736.286.802.634.300;-0.5476365539899051;0
-1.861.243.576.027.800;-2.947.605.365.810.690;-2.374.791.090.363.780;-2.374.791.090.363.780;-2.374.791.090.363.780;0.7715896789215148;-16.257.738.233.430.500;15.099.815.564.498.100;-0.4008242493526495;-2.768.263.826.213.160;0
-0.7409078672430549;-14.872.440.223.496.100;-0.9558611246147677;-0.9558611246147677;-0.9558611246147677;0.5370878475741357;-0.8674257319686656;1.005.346.215.116.820;-0.49797559024487953;-13.148.915.863.800.100;0
-20.665.138.425.706.600;-10.688.114.737.278.800;-25.628.024.599.055.600;-25.628.024.599.055.600;-25.628.024.599.055.600;-0.7577802929061972;-0.25863364607529205;-11.619.373.086.095.900;19.310.931.234.942.800;-15.785.680.043.648.500;1
-16.945.304.068.119.200;-0.9707998178264008;-2.104.649.024.633.480;-2.104.649.024.633.480;-2.104.649.024.633.480;-0.5522369739165943;-0.27830394247135665;-0.8312269820870302;14.817.296.310.549.000;-13.584.401.006.533.600;1
-0.9666880848856042;-0.7562053975495591;-1.207.436.809.798.380;-1.207.436.809.798.380;-1.207.436.809.798.380;-0.16677684874312917;-0.3007795028967729;-0.21353205710535;0.6270846050353365;-0.9122465698870497;1
-12.351.688.560.247.500;-10.189.895.664.818.400;-15.445.504.395.771.500;-15.445.504.395.771.500;-15.445.504.395.771.500;-0.1744455148168008;-0.42133793870905717;-0.20488370984429277;0.7443614824904851;-12.013.977.714.030.500;1
-0.6405825282418407;-0.7249426827365657;-0.8076216567714427;-0.8076216567714427;-0.8076216567714427;0.05345840629300156;-0.3563788764202718;0.1467903992855401;0.1742095468843221;-0.7563469073228545;1
0.18558402479429117;-0.6267489465682838;0.20592001083432118;0.20592001083432118;0.20592001083432118;0.5974971013504359;-0.48390980752092594;10.351.830.266.402.400;-0.9526429575512902;-0.3485025240418461;0
0.49602575198475;0.12065922191389211;0.6105936711969713;0.6105936711969713;0.6105936711969713;0.2814358415357374;-0.03327148313435476;0.45391482664233757;-0.6100290509893953;0.286724540121866;0
-16.509.878.080.824.000;-1.151.796.895.737.800;-2.057.473.325.770.960;-2.057.473.325.770.960;-2.057.473.325.770.960;-0.38718177224576233;-0.41566097338829017;-0.5446268287984943;12.216.166.348.174.900;-14.632.348.601.483.600;1
-1.803.578.581.368.720;-14.196.058.299.797.500;-22.530.433.583.928.800;-22.530.433.583.928.800;-22.530.433.583.928.800;-0.30476452053133135;-0.567299716421102;-0.3871480758800651;11.605.568.954.575.600;-17.079.281.271.884.900;1
0.08658034926768007;-10.521.502.314.031.700;0.07059301006681655;0.07059301006681655;0.07059301006681655;0.835313193473932;-0.7588708962458145;14.614.567.741.919.100;-12.635.690.979.945;-0.6779652422559969;0
0.25417310554210126;-0.4546881743964314;0.29556102477993546;0.29556102477993546;0.29556102477993546;0.5225911287810364;-0.3794841868819484;0.8978343874630669;-0.869476055561323;-0.20345553496803115;0
-0.166305569310492;-11.806.841.942.346.500;-0.24294956083955477;-0.24294956083955477;-0.24294956083955477;0.7409256690022014;-0.7889349559771731;13.163.561.509.455.300;-1.024.818.497.737.720;-0.8696066487686325;0
-0.8456256183860508;-1.027.800.027.396.180;-10.685.063.713.754.700;-10.685.063.713.754.700;-10.685.063.713.754.700;0.12244337055135691;-0.5201395290083403;0.2849770239162674;0.15362608058928362;-1.046.479.833.146.640;1
-10.156.769.885.336.000;-19.459.588.412.626.600;-13.072.338.343.069.400;-13.072.338.343.069.400;-13.072.338.343.069.400;0.668261247906003;-11.239.719.577.890.500;12.586.160.481.822.600;-0.5825598241057305;-173.954.959.703.492;0
-0.08969641275999514;-0.777551112194689;-0.13575358024226933;-0.13575358024226933;-0.13575358024226933;0.5027254699920263;-0.5242746722639606;0.8912530742012436;-0.7044861716909947;-0.564499253049867;0
10.962.184.532.354.900;0.5069499925953048;13.574.709.673.643.600;13.574.709.673.643.600;13.574.709.673.643.600;0.44594577330596996;0.09508136574565983;0.6936715920820017;-10.890.928.767.753.600;0.7966646437621938;0
-0.7442801977611553;-0.7135165926995544;-0.9340416491106851;-0.9340416491106851;-0.9340416491106851;-0.032226524696730256;-0.3237057089026805;0.004692508845632306;0.34125565671955815;-0.7914266614025032;1
-12.781.483.498.508.600;-10.452.633.712.027.900;-15.979.873.932.887.000;-15.979.873.932.887.000;-15.979.873.932.887.000;-0.18724298312906862;-0.4295550756529623;-0.22384058604531928;0.7801637833625008;-1.236.972.582.758.250;1
0.1596135532894213;-0.5034657144659825;0.17829662526640466;0.17829662526640466;0.17829662526640466;0.4878220102071752;-0.3912281292281201;0.8445001275299195;-0.7809738506075095;-0.2756000556741904;0
11.641.584.164.698.600;0.9641510272614261;1.455.879.032.264.040;1.455.879.032.264.040;1.455.879.032.264.040;0.16167411926975783;0.3997419114180768;0.18828326705247783;-0.6975315476307438;11.348.683.522.269.800;0
-0.345978520761801;-12.782.559.068.218.700;-0.46592801577820747;-0.46592801577820747;-0.46592801577820747;0.6784424562451022;-0.8146804667451721;12.213.126.709.757.000;-0.8619265980199577;-10.100.053.925.845.900;0
-12.155.911.778.877.700;-1.063.788.909.003.030;-15.221.126.821.581.400;-15.221.126.821.581.400;-15.221.126.821.581.400;-0.1270307301362488;-0.45742813791020476;-0.12313589390186327;0.6668489745294568;-12.237.011.521.499.100;1
-1.305.285.038.809.890;-0.879646029622936;-16.256.173.776.165.700;-16.256.173.776.165.700;-16.256.173.776.165.700;-0.32879976059617533;-0.3068906147169125;-0.4704796714883266;0.9992158032427311;-1.135.834.468.843.990;1
-0.3620935361734116;-0.7418410576760265;-0.4676476235701294;-0.4676476235701294;-0.4676476235701294;0.2734725975671034;-0.43445098710869157;0.5106492343665908;-0.25954217318598294;-0.6527845573410961;0
-0.2767546590668166;-10.871.443.280.173.800;-0.37487200507969953;-0.37487200507969953;-0.37487200507969953;0.5900539457662504;-0.6970379790905339;10.602.075.810.644.800;-0.7591670962893254;-0.8517731075548197;0
-12.591.310.720.240.800;-0.9239210145671893;-15.706.641.423.731.700;-15.706.641.423.731.700;-15.706.641.423.731.700;-0.26195441251586227;-0.348931761440784;-0.356760982783676;0.8826142310505185;-11.468.052.470.488.600;1
-15.623.652.818.185.200;-1.123.859.600.782.970;-19.481.675.902.783.600;-19.481.675.902.783.600;-19.481.675.902.783.600;-0.34157248385799677;-0.4171288493540858;-0.4717446940779861;11.195.039.996.346.200;-1.407.679.506.813.930;1
-0.8742658382589165;-0.6812089409874749;-10.919.068.158.349.500;-10.919.068.158.349.500;-10.919.068.158.349.500;-0.15280812829704069;-0.2701297871010833;-0.19659153278544061;0.5700395678050165;-0.8231992330363782;1
-0.8863528964078823;-0.7434409847256372;-1.108.773.708.222.760;-1.108.773.708.222.760;-1.108.773.708.222.760;-0.11623140115256038;-0.3109236354013765;-0.13128836053179066;0.5209787383961652;-0.870406687783618;1
0.5663683658245147;0.07645189690852383;0.6951274261137954;0.6951274261137954;0.6951274261137954;0.36626613831809685;-0.08101634313692857;0.5972596154573983;-0.7626494858684055;0.2857903871179335;0
-13.526.223.760.241.700;-0.9685848717806602;-16.864.843.389.414.200;-16.864.843.389.414.200;-16.864.843.389.414.200;-0.29894057944439;-0.3580431571858269;-0.41408116948610313;0.9739577005389765;-1.215.718.029.398.940;1
-0.0541640794164219;-12.068.402.224.294.100;-0.10669823194749795;-0.10669823194749795;-0.10669823194749795;0.8436966539615044;-0.8339516371184167;1.487.797.610.753.270;-12.203.447.889.954.600;-0.841031361643405;0
-0.19263701925434487;-11.766.969.281.607.200;-0.2750143706016074;-0.2750143706016074;-0.2750143706016074;0.7183726269100771;-0.7798764528994968;1.278.875.356.126.710;-0.9812305194250733;-0.8777776658645717;0
-0.20028319029123587;-10.669.734.512.534.200;-0.28068517959585126;-0.28068517959585126;-0.28068517959585126;0.6322930277929724;-0.7010664029847538;11.281.660.500.682.200;-0.8515225892480561;-0.8065048991786194;0
-10.647.769.299.511.900;-2.062.007.010.008.240;-13.711.651.156.280.100;-13.711.651.156.280.100;-13.711.651.156.280.100;0.7166654185901761;-11.937.278.089.860.800;13.477.644.423.564.500;-0.6344160518914168;-18.385.507.776.650.000;0
-16.311.705.751.045.500;-10.152.062.419.390.700;-2.028.660.599.330.380;-2.028.660.599.330.380;-2.028.660.599.330.380;-0.4724670315086711;-0.3245282544117196;-0.6962033893629423;13.393.135.252.791.200;-13.623.934.373.210.200;1
0.36114342449847153;-0.145455474774131;0.4367346075448309;0.4367346075448309;0.4367346075448309;0.37581498696194493;-0.1879318246158775;0.6309644978582669;-0.6956848578495016;0.05049474484922679;0
